﻿Designator,Footprint,Quantity,Value,LCSC Part #
"C1, C5",0805,2,0.01u,
C2,1206,1,0.01u,
C3,1206,1,0.1u,
C4,0805,1,1u,
C6,0805,1,0.1u,
"D1, D2, D3",1206,3,LED,
J1,PinHeader_1x04_P1.27mm_Vertical,1,Conn_01x04,
"R1, R10, R2",1206,3,220,
"R3, R4, R6, R7, R9",1206,5,1k,
R5,1206,1,1M,
R8,Potentiometer_Omeg_PC16BU_Vertical,1,0-1M,
SW1,SW_PUSH-12mm,1,SW_Push,
SW2,SW_Push_2P2T_Toggle_CK_PVA2xxH1xxxxxxV2,1,SW_Push_SPDT,
"U1, U2, U6",DIP-8_W7.62mm_Socket_LongPads,3,~,
U3,DIP-14_W7.62mm_LongPads,1,74LS32,
U4,DIP-14_W7.62mm_LongPads,1,74LS04,
U5,DIP-14_W7.62mm_LongPads,1,74LS08,
